{
  "results": [
    {
      "command": "./kolon run: count.kol",
      "mean": 0.2373087212333333,
      "stddev": 0.008723596084002548,
      "median": 0.23408330900000002,
      "user": 0.23452813333333325,
      "system": 0.0063447999999999985,
      "min": 0.22464479,
      "max": 0.255934319,
      "times": [
        0.25342700300000004,
        0.229641545,
        0.22601691000000002,
        0.234040414,
        0.242712472,
        0.24935789400000002,
        0.23849540400000002,
        0.230538022,
        0.22895631900000002,
        0.255934319,
        0.231117758,
        0.22991799200000002,
        0.23207727900000003,
        0.245013044,
        0.24378180900000002,
        0.234126204,
        0.23335492600000002,
        0.24105678000000003,
        0.249706638,
        0.23452609700000002,
        0.228571554,
        0.22882355100000001,
        0.242899056,
        0.24413848600000002,
        0.22464479,
        0.23114937000000002,
        0.2472106,
        0.24613299000000002,
        0.228998009,
        0.23289440200000003
      ],
      "exit_codes": [
        0,
        0,
        0,
        0,
        0,
        0,
        0,
        0,
        0,
        0,
        0,
        0,
        0,
        0,
        0,
        0,
        0,
        0,
        0,
        0,
        0,
        0,
        0,
        0,
        0,
        0,
        0,
        0,
        0,
        0
      ]
    },
    {
      "command": "python3 count.py",
      "mean": 0.11057957566666671,
      "stddev": 0.007043872440289123,
      "median": 0.1092928825,
      "user": 0.10567993333333335,
      "system": 0.004100599999999999,
      "min": 0.101511394,
      "max": 0.131074523,
      "times": [
        0.11906058200000001,
        0.107434609,
        0.11705006300000001,
        0.103048732,
        0.106802168,
        0.108303755,
        0.104556784,
        0.120102312,
        0.10316855500000001,
        0.101511394,
        0.131074523,
        0.10648861400000001,
        0.10613280600000001,
        0.11026605,
        0.110405922,
        0.10167821,
        0.11146393900000001,
        0.111515689,
        0.106867686,
        0.11887986900000001,
        0.110089907,
        0.112776444,
        0.10606315000000001,
        0.10498900200000001,
        0.11423569200000001,
        0.10309941800000001,
        0.11826496400000001,
        0.109476191,
        0.109109574,
        0.123470666
      ],
      "exit_codes": [
        0,
        0,
        0,
        0,
        0,
        0,
        0,
        0,
        0,
        0,
        0,
        0,
        0,
        0,
        0,
        0,
        0,
        0,
        0,
        0,
        0,
        0,
        0,
        0,
        0,
        0,
        0,
        0,
        0,
        0
      ]
    },
    {
      "command": "./count_go",
      "mean": 0.0019508193333333333,
      "stddev": 0.0003440352357375455,
      "median": 0.0019114930000000002,
      "user": 0.0009266333333333333,
      "system": 0.0011344666666666665,
      "min": 0.0014019590000000001,
      "max": 0.0027697390000000002,
      "times": [
        0.001994998,
        0.0026200390000000002,
        0.0022161380000000003,
        0.0019295820000000002,
        0.001565626,
        0.0018983250000000002,
        0.001802713,
        0.001470465,
        0.001835784,
        0.0016417110000000001,
        0.0024047580000000003,
        0.0018925640000000002,
        0.0020207280000000003,
        0.001655739,
        0.0019996930000000003,
        0.001664328,
        0.001439704,
        0.001973083,
        0.0014019590000000001,
        0.0023606400000000002,
        0.002327649,
        0.0017594540000000001,
        0.002119961,
        0.002146008,
        0.0018322680000000002,
        0.00175952,
        0.001924661,
        0.002433124,
        0.0027697390000000002,
        0.001663619
      ],
      "exit_codes": [
        0,
        0,
        0,
        0,
        0,
        0,
        0,
        0,
        0,
        0,
        0,
        0,
        0,
        0,
        0,
        0,
        0,
        0,
        0,
        0,
        0,
        0,
        0,
        0,
        0,
        0,
        0,
        0,
        0,
        0
      ]
    },
    {
      "command": "java Count",
      "mean": 0.052179791133333334,
      "stddev": 0.0027082601997752997,
      "median": 0.052899319,
      "user": 0.03606873333333334,
      "system": 0.019552166666666666,
      "min": 0.048346518000000005,
      "max": 0.058754866,
      "times": [
        0.054472179,
        0.054312321000000004,
        0.049934553000000007,
        0.053556475000000006,
        0.053366778000000004,
        0.048631417,
        0.058754866,
        0.053434113000000005,
        0.048471471,
        0.052939002000000006,
        0.05307158,
        0.049778891000000006,
        0.052798845000000004,
        0.051459993,
        0.051402379000000005,
        0.049235256000000005,
        0.049370457000000006,
        0.052859636,
        0.053213139000000007,
        0.049891576,
        0.053822552,
        0.054831000000000005,
        0.048346518000000005,
        0.052432004000000004,
        0.053284660000000005,
        0.048398244,
        0.058099849,
        0.053686349,
        0.048517684000000005,
        0.053019947000000005
      ],
      "exit_codes": [
        0,
        0,
        0,
        0,
        0,
        0,
        0,
        0,
        0,
        0,
        0,
        0,
        0,
        0,
        0,
        0,
        0,
        0,
        0,
        0,
        0,
        0,
        0,
        0,
        0,
        0,
        0,
        0,
        0,
        0
      ]
    },
    {
      "command": "node count.js",
      "mean": 0.036013908466666675,
      "stddev": 0.0031445843719213043,
      "median": 0.03561650350000001,
      "user": 0.02912316666666666,
      "system": 0.009449099999999998,
      "min": 0.029824708000000002,
      "max": 0.044877998,
      "times": [
        0.037829188,
        0.035772411000000004,
        0.042332025,
        0.039101928,
        0.039241786,
        0.034380341,
        0.036137727,
        0.034589191000000005,
        0.038750154,
        0.038292863,
        0.036118076,
        0.036830597,
        0.035230549,
        0.036915178,
        0.035128488,
        0.03841816,
        0.034515709000000006,
        0.036766512,
        0.035460596000000004,
        0.044877998,
        0.035140967,
        0.036644825,
        0.034437442000000006,
        0.034970229000000005,
        0.031417259,
        0.034475239000000005,
        0.031934330000000004,
        0.029824708000000002,
        0.034322702000000004,
        0.030560076000000002
      ],
      "exit_codes": [
        0,
        0,
        0,
        0,
        0,
        0,
        0,
        0,
        0,
        0,
        0,
        0,
        0,
        0,
        0,
        0,
        0,
        0,
        0,
        0,
        0,
        0,
        0,
        0,
        0,
        0,
        0,
        0,
        0,
        0
      ]
    }
  ]
}
