{
  "results": [
    {
      "command": "./kolon run: factorial.kol",
      "mean": 13.718634139133332,
      "stddev": 0.09273139780953729,
      "median": 13.7379004745,
      "user": 13.9792876,
      "system": 0.15789886666666664,
      "min": 13.462693938,
      "max": 13.865623011,
      "times": [
        13.740970897,
        13.614532266,
        13.462693938,
        13.559973099,
        13.553448451,
        13.636190061,
        13.600075417,
        13.713464632,
        13.770067753,
        13.654051651,
        13.675163485,
        13.797172202,
        13.704773255,
        13.733318665,
        13.671578508,
        13.695013812,
        13.825658915,
        13.74179211,
        13.791393351,
        13.766973958,
        13.752927432,
        13.774560936,
        13.823666399,
        13.865623011,
        13.815040097,
        13.734830052,
        13.792882712,
        13.72101087,
        13.76679507,
        13.803381169
      ],
      "exit_codes": [
        0,
        0,
        0,
        0,
        0,
        0,
        0,
        0,
        0,
        0,
        0,
        0,
        0,
        0,
        0,
        0,
        0,
        0,
        0,
        0,
        0,
        0,
        0,
        0,
        0,
        0,
        0,
        0,
        0,
        0
      ]
    },
    {
      "command": "python3 factorial.py",
      "mean": 1.5464485376999995,
      "stddev": 0.0257998152102916,
      "median": 1.5389561645,
      "user": 1.537530733333333,
      "system": 0.004500966666666666,
      "min": 1.514369654,
      "max": 1.598328188,
      "times": [
        1.5414400650000002,
        1.565191406,
        1.536472264,
        1.553977328,
        1.5515109169999999,
        1.595149251,
        1.518378823,
        1.578607593,
        1.514369654,
        1.589555516,
        1.535369594,
        1.532223706,
        1.545571824,
        1.522245907,
        1.5904324650000001,
        1.521303694,
        1.527629801,
        1.528262314,
        1.583744791,
        1.5280678540000001,
        1.532157089,
        1.5162383099999999,
        1.550038312,
        1.5161137880000002,
        1.568792972,
        1.526080697,
        1.5361924390000001,
        1.598328188,
        1.5431682,
        1.546841369
      ],
      "exit_codes": [
        0,
        0,
        0,
        0,
        0,
        0,
        0,
        0,
        0,
        0,
        0,
        0,
        0,
        0,
        0,
        0,
        0,
        0,
        0,
        0,
        0,
        0,
        0,
        0,
        0,
        0,
        0,
        0,
        0,
        0
      ]
    },
    {
      "command": "./factorial_go",
      "mean": 0.03860067103333333,
      "stddev": 0.003485262709442288,
      "median": 0.038455788000000005,
      "user": 0.03716533333333334,
      "system": 0.0015093666666666668,
      "min": 0.031205739000000003,
      "max": 0.046862011,
      "times": [
        0.038240597,
        0.037454303,
        0.041256925,
        0.038670979,
        0.040802168,
        0.035189698000000005,
        0.044421547000000006,
        0.040913021,
        0.039456054000000004,
        0.037498072,
        0.041126217,
        0.0357911,
        0.041784485,
        0.036217889,
        0.038919594,
        0.044787743000000005,
        0.04009343,
        0.037173883000000005,
        0.040246096,
        0.036053308,
        0.040450272,
        0.036467279000000005,
        0.036248575000000005,
        0.031205739000000003,
        0.040587548,
        0.036255279,
        0.036249838,
        0.031977216,
        0.035619265000000004,
        0.046862011
      ],
      "exit_codes": [
        0,
        0,
        0,
        0,
        0,
        0,
        0,
        0,
        0,
        0,
        0,
        0,
        0,
        0,
        0,
        0,
        0,
        0,
        0,
        0,
        0,
        0,
        0,
        0,
        0,
        0,
        0,
        0,
        0,
        0
      ]
    },
    {
      "command": "java Factorial",
      "mean": 0.07812164446666663,
      "stddev": 0.004303974497933891,
      "median": 0.07704830600000001,
      "user": 0.0628034,
      "system": 0.019768066666666664,
      "min": 0.07246588200000001,
      "max": 0.095638863,
      "times": [
        0.08619047,
        0.07246588200000001,
        0.08081255500000001,
        0.078000678,
        0.07736182000000001,
        0.07637516300000001,
        0.076016439,
        0.07474063900000001,
        0.07574976800000001,
        0.075642786,
        0.075300561,
        0.078242956,
        0.095638863,
        0.07705771700000001,
        0.077041524,
        0.07655954100000001,
        0.08144871100000001,
        0.07591196900000001,
        0.07513273200000001,
        0.07989818,
        0.076834576,
        0.075237415,
        0.075152599,
        0.075324872,
        0.07705508800000001,
        0.078569949,
        0.081061453,
        0.07754801700000001,
        0.07915564600000001,
        0.082120765
      ],
      "exit_codes": [
        0,
        0,
        0,
        0,
        0,
        0,
        0,
        0,
        0,
        0,
        0,
        0,
        0,
        0,
        0,
        0,
        0,
        0,
        0,
        0,
        0,
        0,
        0,
        0,
        0,
        0,
        0,
        0,
        0,
        0
      ]
    },
    {
      "command": "node factorial.js",
      "mean": 0.1899038894,
      "stddev": 0.010885020137829163,
      "median": 0.1864433995,
      "user": 0.1820629666666667,
      "system": 0.010491566666666667,
      "min": 0.175031085,
      "max": 0.21314737900000003,
      "times": [
        0.20307624100000002,
        0.20298016200000002,
        0.185920842,
        0.17579123100000002,
        0.18453550500000002,
        0.187851705,
        0.196309432,
        0.20067722300000002,
        0.18491958900000002,
        0.18270128900000002,
        0.175031085,
        0.207442327,
        0.206097532,
        0.18848493000000002,
        0.18028005500000002,
        0.18976838000000001,
        0.18603070300000002,
        0.210094994,
        0.188287855,
        0.18273783000000002,
        0.18186954100000002,
        0.186856096,
        0.20024729800000002,
        0.19490632900000002,
        0.184930434,
        0.180103317,
        0.17923329300000002,
        0.179396198,
        0.21314737900000003,
        0.17740788700000001
      ],
      "exit_codes": [
        0,
        0,
        0,
        0,
        0,
        0,
        0,
        0,
        0,
        0,
        0,
        0,
        0,
        0,
        0,
        0,
        0,
        0,
        0,
        0,
        0,
        0,
        0,
        0,
        0,
        0,
        0,
        0,
        0,
        0
      ]
    }
  ]
}
